qid,scheme,query_text,gt_domain,gt_doc,pred_domain,pred_doc,topk_domains,hit_exact,domain_hit,ssr_score,t_send_disc,t_recv_disc_reply,t_send_fetch,t_recv_data,rtt_total_ms,hops_disc,hops_fetch,hops_total,n_interest_sent,n_data_recv,bytes_ctrl_tx,bytes_ctrl_rx,bytes_data_tx,bytes_data_rx,timeouts,retransmissions,is_measurable,is_success,is_timeout,timeout_reason,failure_scenario,failure_target,topology,disc_ms,fetch_ms,t_send_disc_ns,t_recv_disc_reply_ns,t_send_fetch_ns,t_recv_data_ns,cache_hit_exact,cache_hit_semantic,sim_max,matched_cache_name,sanr_cluster_id
102,flood,Search for traffic devices in Midtown Center Arts Quarter,4,traf_000012;traf_000157;traf_000167;traf_000272;traf_000367;traf_000397;traf_000477;traf_000492;traf_000582,/domain6,/domain6/data/doc/traf_000221,/domain6=0.6811;/domain0=0.6540;/domain7=0.6521;/domain1=0.6321,0,0,0.632120,500.000000,508.998520,508.998520,517.017352,17.017352,-1,2,-1,4,1,2412,684,43,1112,0,0,1,1,0,DOMAIN_WRONG,link-fail,coreA-domain4,redundant,8.998520,8.018832,500000000,508998520,508998520,517017352,0,0,0.000000,,
436,flood,Search for Atmospheric readings from Phantom Island's invisible shores in the fog (case 11),,,,,,0,0,0.000000,1000.000000,0.000000,0.000000,0.000000,8.948952,-1,-1,-1,4,0,2412,524,0,0,0,0,0,0,0,ALL_DOMAINS_FAILED,link-fail,coreA-domain4,redundant,0.000000,0.000000,1000000000,0,0,0,0,0,0.000000,,
350,flood,Show traffic where laneDirection inbound in North Harbor Financial Row,0,traf_000019,/domain0,/domain0/data/doc/traf_000488,/domain0=0.6575,0,1,0.657474,1500.000000,1508.655096,1508.655096,1517.306928,17.306928,-1,2,-1,4,1,2412,564,43,1112,0,0,1,1,0,DOC_WRONG,link-fail,coreA-domain4,redundant,8.655096,8.651832,1500000000,1508655096,1508655096,1517306928,0,0,0.000000,,
273,flood,"Show traffic where roadType is highway, congestionLevel is heavy in South Hills Financial Row",3,traf_000009;traf_000279;traf_000519,/domain3,/domain3/data/doc/traf_000527,/domain3=0.6778;/domain4=0.6112;/domain1=0.6058,0,1,0.611195,2000.000000,2008.318024,2008.318024,2016.759856,16.759856,-1,2,-1,4,1,2412,644,43,1112,0,0,1,1,0,DOC_WRONG,link-fail,coreA-domain4,redundant,8.318024,8.441832,2000000000,2008318024,2008318024,2016759856,0,0,0.000000,,
110,flood,Query parking records from North Harbor Waterfront,0,p_000009;p_000025;p_000033;p_000085;p_000105;p_000113;p_000129;p_000161;p_000165;p_000193;p_000237;p_000261;p_000329;p_000349;p_000429;p_000437;p_000461,/domain0,/domain0/data/doc/p_000193,/domain0=0.7099;/domain6=0.6084,1,1,0.608381,2500.000000,2508.275688,2508.275688,2516.508424,16.508424,-1,2,-1,4,1,2412,598,40,1109,0,0,1,1,0,,link-fail,coreA-domain4,redundant,8.275688,8.232736,2500000000,2508275688,2508275688,2516508424,0,0,0.000000,,
76,flood,Query traffic records from Westside Heights Arts Quarter,1,traf_000043;traf_000143;traf_000148;traf_000188;traf_000223;traf_000238;traf_000263;traf_000308;traf_000353;traf_000363;traf_000438;traf_000443;traf_000463;traf_000508;traf_000513;traf_000523;traf_000553;traf_000568;traf_000593,,,,0,0,0.000000,3000.000000,0.000000,0.000000,0.000000,8.678880,-1,-1,-1,4,0,2412,524,0,0,0,0,1,0,0,ALL_DOMAINS_FAILED,link-fail,coreA-domain4,redundant,0.000000,0.000000,3000000000,0,0,0,0,0,0.000000,,
194,flood,"Search for pollution devices: monitoringStation=fixed, airQualityLevel=moderate, near Greenfield Park Harbor Bridge",7,pol_000202;pol_000472;pol_000592,/domain5,/domain5/data/doc/pol_000393,/domain5=0.7196;/domain3=0.7154;/domain4=0.6708;/domain2=0.6575,0,0,0.657457,3500.000000,3508.110720,3508.110720,3516.129520,16.129520,-1,2,-1,4,1,2412,680,42,1111,0,0,1,1,0,DOMAIN_WRONG,link-fail,coreA-domain4,redundant,8.110720,8.018800,3500000000,3508110720,3508110720,3516129520,0,0,0.000000,,
27,flood,Show pollution status for the South Hills Transit Hub zone,3,pol_000074;pol_000139;pol_000159;pol_000164;pol_000269;pol_000404;pol_000419;pol_000439;pol_000479;pol_000484;pol_000529,/domain3,/domain3/data/doc/pol_000360,/domain3=0.7686;/domain6=0.7669;/domain4=0.6786;/domain5=0.6262,0,1,0.766884,4000.000000,4009.023504,4009.023504,4017.098304,17.098304,-1,2,-1,4,1,2412,680,42,1111,0,0,1,1,0,DOC_WRONG,link-fail,coreA-domain4,redundant,9.023504,8.074800,4000000000,4009023504,4009023504,4017098304,0,0,0.000000,,
4,flood,Give me streetlight information near Westside Heights University Campus,1,sl_000101;sl_000109;sl_000213;sl_000269;sl_000293;sl_000333;sl_000429;sl_000461;sl_000501;sl_000549,/domain7,/domain7/data/doc/sl_000487,/domain7=0.7333;/domain5=0.6381,0,0,0.638108,4500.000000,4508.558952,4508.558952,4516.577720,16.577720,-1,2,-1,4,1,2412,600,41,1110,0,0,1,1,0,DOMAIN_WRONG,link-fail,coreA-domain4,redundant,8.558952,8.018768,4500000000,4508558952,4508558952,4516577720,0,0,0.000000,,
130,flood,pollution with source_type=residential and pollutantType=CO close to Old Town Core Clock Tower,6,pol_000023;pol_000047;pol_000275;pol_000299;pol_000371;pol_000503,/domain4,/domain4/data/doc/pol_000471,/domain4=0.6162;/domain3=0.6120,0,0,0.616225,5000.000000,5008.875576,5008.875576,5016.894376,16.894376,-1,2,-1,4,1,2412,602,42,1111,0,0,1,1,0,DOMAIN_WRONG,link-fail,coreA-domain4,redundant,8.875576,8.018800,5000000000,5008875576,5008875576,5016894376,0,0,0.000000,,
476,flood,Search for streetlights inside an active volcano at midnight (case 51),,,,,,0,0,0.000000,5500.000000,0.000000,0.000000,0.000000,8.026880,-1,-1,-1,4,0,2412,524,0,0,0,0,0,0,0,ALL_DOMAINS_FAILED,link-fail,coreA-domain4,redundant,0.000000,0.000000,5500000000,0,0,0,0,0,0.000000,,
225,flood,"Show pollution where monitoringStation is satellite, pollutantType is O3 in Westside Heights Residential Block",1,pol_000078;pol_000228;pol_000321;pol_000489,/domain1,/domain1/data/doc/pol_000064,/domain1=0.7763;/domain2=0.6437;/domain4=0.6314;/domain3=0.6092,0,1,0.631382,6000.000000,6008.690504,6008.690504,6017.597304,17.597304,-1,2,-1,4,1,2412,680,42,1111,0,0,1,1,0,DOC_WRONG,link-fail,coreA-domain4,redundant,8.690504,8.906800,6000000000,6008690504,6008690504,6017597304,0,0,0.000000,,
342,flood,List pollution that satisfy pollutantType O3 within North Harbor Downtown,0,pol_000172;pol_000178;pol_000226;pol_000304;pol_000406;pol_000496;pol_000502;pol_000538;pol_000550;pol_000574,/domain0,/domain0/data/doc/pol_000178,/domain0=0.7507;/domain1=0.7424;/domain7=0.7234;/domain6=0.6931,1,1,0.742375,6500.000000,6508.027504,6508.027504,6516.046304,16.046304,-1,2,-1,4,1,2412,680,42,1111,0,0,1,1,0,,link-fail,coreA-domain4,redundant,8.027504,8.018800,6500000000,6508027504,6508027504,6516046304,0,0,0.000000,,
471,flood,Report on Parking spots on the surface of the Moon at dusk (case 46),,,/domain1,/domain1/data/doc/p_900214,/domain1=0.7193;/domain7=0.7007;/domain2=0.6907;/domain0=0.6149,0,0,0.700742,7000.000000,7008.152688,7008.152688,7016.571424,16.571424,-1,2,-1,4,1,2412,672,40,1109,0,0,0,1,0,DOMAIN_WRONG,link-fail,coreA-domain4,redundant,8.152688,8.418736,7000000000,7008152688,7008152688,7016571424,0,0,0.000000,,
101,flood,Query traffic records from Lakeside District Financial Row,5,traf_000126;traf_000162;traf_000192;traf_000252;traf_000282;traf_000324;traf_000360;traf_000390;traf_000414;traf_000432;traf_000444;traf_000468;traf_000564;traf_000570;traf_000594;traf_000600,/domain5,/domain5/data/doc/traf_000505,/domain5=0.6455,0,1,0.645483,7500.000000,7508.862880,7508.862880,7516.881712,16.881712,-1,2,-1,4,1,2412,564,43,1112,0,0,1,1,0,DOC_WRONG,link-fail,coreA-domain4,redundant,8.862880,8.018832,7500000000,7508862880,7508862880,7516881712,0,0,0.000000,,
387,flood,Find streetlight and traffic sensors in South Hills,3,sl_000004;sl_000006;sl_000008;sl_000012;sl_000018;sl_000019;sl_000029;sl_000033;sl_000041;sl_000044;sl_000045;sl_000046;sl_000048;sl_000049;sl_000050;sl_000052;sl_000059;sl_000063;sl_000085;sl_000087;sl_000099;sl_000105;sl_000175;sl_000177;sl_000222;sl_000227;sl_000238;sl_000253;sl_000283;sl_000288;sl_000292;sl_000359;sl_000366;sl_000382;sl_000389;sl_000392;sl_000407;sl_000442;sl_000452;sl_000470;sl_000473;sl_000476;sl_000488;sl_000555;sl_000562;sl_000566;sl_000573;sl_000574;sl_000584;sl_000585;traf_000009;traf_000022;traf_000026;traf_000078;traf_000084;traf_000108;traf_000109;traf_000116;traf_000117;traf_000120;traf_000130;traf_000134;traf_000149;traf_000153;traf_000156;traf_000179;traf_000183;traf_000190;traf_000198;traf_000204;traf_000206;traf_000258;traf_000264;traf_000270;traf_000279;traf_000288;traf_000290;traf_000295;traf_000319;traf_000346;traf_000350;traf_000361;traf_000373;traf_000378;traf_000387;traf_000400;traf_000407;traf_000428;traf_000433;traf_000434;traf_000440;traf_000453;traf_000458;traf_000469;traf_000471;traf_000493;traf_000514;traf_000519;traf_000527;traf_000532;traf_000544;traf_000567;traf_000580;traf_000586;traf_000592,/domain3,/domain3/data/doc/traf_000387,/domain3=0.7188;/domain4=0.6114;/domain6=0.6088,1,1,0.611433,8000.000000,8008.288664,8008.288664,8016.307496,16.307496,-1,2,-1,4,1,2412,644,43,1112,0,0,1,1,0,,link-fail,coreA-domain4,redundant,8.288664,8.018832,8000000000,8008288664,8008288664,8016307496,0,0,0.000000,,
115,flood,List streetlight data around Westside Heights Riverside Park,1,sl_000554,/domain4,/domain4/data/doc/sl_000552,/domain4=0.6445;/domain5=0.6384;/domain3=0.6293;/domain6=0.6186,0,0,0.618556,8500.000000,8508.908488,8508.908488,8517.042256,17.042256,-1,2,-1,4,1,2412,678,41,1110,0,0,1,1,0,DOMAIN_WRONG,link-fail,coreA-domain4,redundant,8.908488,8.133768,8500000000,8508908488,8508908488,8517042256,0,0,0.000000,,
376,flood,Show streetlight plus pollution data in Lakeside District Arts Quarter,5,sl_000090;sl_000096;sl_000106;sl_000117;sl_000138;sl_000140;sl_000142;sl_000158;sl_000165;sl_000173;sl_000174;sl_000189;sl_000190;sl_000191;sl_000197;sl_000200;sl_000208;sl_000214;sl_000215;sl_000221;sl_000232;sl_000237;sl_000251;sl_000252;sl_000255;sl_000259;sl_000260;sl_000262;sl_000264;sl_000270;sl_000275;sl_000279;sl_000280;sl_000287;sl_000291;sl_000294;sl_000300;sl_000304;sl_000305;sl_000311;sl_000318;sl_000323;sl_000328;sl_000329;sl_000365;sl_000368;sl_000374;sl_000375;sl_000376;sl_000380;sl_000381;sl_000388;sl_000390;sl_000391;sl_000393;sl_000394;sl_000395;sl_000396;sl_000397;sl_000398;sl_000406;sl_000411;sl_000412;sl_000415;sl_000416;sl_000423;sl_000424;sl_000427;sl_000430;sl_000432;sl_000446;sl_000448;sl_000449;sl_000451;sl_000453;sl_000456;sl_000462;sl_000466;sl_000469;sl_000481;sl_000490;sl_000495;sl_000497;sl_000502;sl_000510;sl_000514;sl_000522;sl_000523;sl_000525;sl_000533;sl_000538;sl_000547;sl_000551;sl_000572;sl_000576;sl_000582;sl_000592;pol_000073;pol_000077;pol_000080;pol_000082;pol_000085;pol_000098;pol_000101;pol_000104;pol_000106;pol_000110;pol_000113;pol_000116;pol_000128;pol_000130;pol_000135;pol_000136;pol_000138;pol_000150;pol_000163;pol_000168;pol_000180;pol_000185;pol_000193;pol_000194;pol_000196;pol_000197;pol_000200;pol_000204;pol_000211;pol_000213;pol_000225;pol_000227;pol_000230;pol_000231;pol_000234;pol_000240;pol_000243;pol_000245;pol_000246;pol_000249;pol_000257;pol_000263;pol_000264;pol_000272;pol_000278;pol_000291;pol_000295;pol_000297;pol_000298;pol_000302;pol_000306;pol_000307;pol_000311;pol_000315;pol_000317;pol_000322;pol_000336;pol_000337;pol_000339;pol_000341;pol_000353;pol_000356;pol_000359;pol_000362;pol_000374;pol_000384;pol_000386;pol_000393;pol_000394;pol_000413;pol_000427;pol_000438;pol_000441;pol_000442;pol_000443;pol_000448;pol_000453;pol_000485;pol_000492;pol_000497;pol_000500;pol_000505;pol_000510;pol_000512;pol_000518;pol_000526;pol_000531;pol_000532;pol_000537;pol_000541;pol_000542;pol_000558;pol_000559;pol_000566;pol_000576;pol_000580;pol_000581;pol_000586;pol_000596;pol_000599,,,,0,0,0.000000,9000.000000,0.000000,0.000000,0.000000,8.774880,-1,-1,-1,4,0,2412,524,0,0,0,0,1,0,0,ALL_DOMAINS_FAILED,link-fail,coreA-domain4,redundant,0.000000,0.000000,9000000000,0,0,0,0,0,0.000000,,
169,flood,"Query pollution: pollutantType SO2, source_type naturalBackground, in Greenfield Park",7,pol_000048;pol_000096;pol_000108;pol_000132;pol_000144;pol_000192;pol_000288;pol_000348;pol_000372;pol_000444;pol_000540,/domain1,/domain1/data/doc/pol_000312,/domain1=0.6084,0,0,0.608445,9500.000000,9508.824024,9508.824024,9517.513824,17.513824,-1,2,-1,4,1,2412,563,42,1111,0,0,1,1,0,DOMAIN_WRONG,link-fail,coreA-domain4,redundant,8.824024,8.689800,9500000000,9508824024,9508824024,9517513824,0,0,0.000000,,
149,flood,Locate streetlight with locationCategory set to road near Midtown Center Cultural Center in Midtown Center Waterfront,4,sl_000014;sl_000022;sl_000086;sl_000598,/domain5,/domain5/data/doc/sl_000280,/domain5=0.7041;/domain6=0.6794;/domain0=0.6716;/domain7=0.6693,0,0,0.679426,10000.000000,10009.010632,10009.010632,10017.029400,17.029400,-1,2,-1,4,1,2412,676,41,1110,0,0,1,1,0,DOMAIN_WRONG,link-fail,coreA-domain4,redundant,9.010632,8.018768,10000000000,10009010632,10009010632,10017029400,0,0,0.000000,,
18,flood,What streetlight readings are reported in Lakeside District?,5,sl_000582,/domain5,/domain5/data/doc/sl_000279,/domain5=0.7112,0,1,0.711237,10500.000000,10508.493488,10508.493488,10516.512256,16.512256,-1,2,-1,4,1,2412,562,41,1110,0,0,1,1,0,DOC_WRONG,link-fail,coreA-domain4,redundant,8.493488,8.018768,10500000000,10508493488,10508493488,10516512256,0,0,0.000000,,
329,flood,Find streetlight with locationCategory sidewalk around Lakeside District Cathedral,5,sl_000191;sl_000215;sl_000255;sl_000279;sl_000287;sl_000311;sl_000375;sl_000391;sl_000415;sl_000423;sl_000495;sl_000551,,,,0,0,0.000000,11000.000000,0.000000,0.000000,0.000000,8.634952,-1,-1,-1,4,0,2412,524,0,0,0,0,1,0,0,ALL_DOMAINS_FAILED,link-fail,coreA-domain4,redundant,0.000000,0.000000,11000000000,0,0,0,0,0,0.000000,,
279,flood,List traffic that satisfy laneDirection inbound within Midtown Center Financial Row,4,traf_000028;traf_000058;traf_000076;traf_000343,,,,0,0,0.000000,11500.000000,0.000000,0.000000,0.000000,8.851096,-1,-1,-1,4,0,2412,524,0,0,0,0,1,0,0,ALL_DOMAINS_FAILED,link-fail,coreA-domain4,redundant,0.000000,0.000000,11500000000,0,0,0,0,0,0.000000,,
366,flood,List pollution that satisfy source_type industrial within Lakeside District Arts Quarter,5,pol_000073;pol_000505,,,,0,0,0.000000,12000.000000,0.000000,0.000000,0.000000,8.142024,-1,-1,-1,4,0,2412,524,0,0,0,0,1,0,0,ALL_DOMAINS_FAILED,link-fail,coreA-domain4,redundant,0.000000,0.000000,12000000000,0,0,0,0,0,0.000000,,
437,flood,Locate parking on Nebula Square floating in outer space during a blackout (case 12),,,/domain0,/domain0/data/doc/p_900248,/domain0=0.8071;/domain6=0.7626;/domain7=0.7108;/domain5=0.6275,0,0,0.807112,12500.000000,12508.661472,12508.661472,12516.680208,16.680208,-1,2,-1,4,1,2412,675,40,1109,0,0,0,1,0,DOMAIN_WRONG,link-fail,coreA-domain4,redundant,8.661472,8.018736,12500000000,12508661472,12508661472,12516680208,0,0,0.000000,,
318,flood,List streetlight that satisfy lanternModel HPS within Greenfield Park Civic Center,7,sl_000178;sl_000242;sl_000410;sl_000422,/domain7,/domain7/data/doc/sl_000371,/domain7=0.7086;/domain1=0.6466;/domain6=0.6290;/domain0=0.6160,0,1,0.646593,13000.000000,13008.919488,13008.919488,13016.938256,16.938256,-1,2,-1,4,1,2412,676,41,1110,0,0,1,1,0,DOC_WRONG,link-fail,coreA-domain4,redundant,8.919488,8.018768,13000000000,13008919488,13008919488,13016938256,0,0,0.000000,,
13,flood,Give me streetlight information near North Harbor Cultural Center,0,sl_000113;sl_000121;sl_000129;sl_000137;sl_000181;sl_000185;sl_000229;sl_000261;sl_000281;sl_000289;sl_000301;sl_000425;sl_000465;sl_000517;sl_000553;sl_000565;sl_000569;sl_000581,/domain0,/domain0/data/doc/sl_000499,/domain0=0.7612;/domain6=0.6457,0,1,0.761225,14500.000000,14508.737488,14508.737488,14516.756256,16.756256,-1,2,-1,4,1,2412,600,41,1110,0,0,1,1,0,DOC_WRONG,link-fail,coreA-domain4,redundant,8.737488,8.018768,14500000000,14508737488,14508737488,14516756256,0,0,0.000000,,
190,flood,Locate traffic with congestionLevel set to gridlock near South Hills City Library in South Hills Financial Row,3,traf_000120;traf_000270,/domain1,/domain1/data/doc/traf_000565,/domain1=0.6725;/domain6=0.6292;/domain7=0.6264;/domain0=0.6014,0,0,0.672509,15500.000000,15508.808520,15508.808520,15516.827352,16.827352,-1,2,-1,4,1,2412,684,43,1112,0,0,1,1,0,DOMAIN_WRONG,link-fail,coreA-domain4,redundant,8.808520,8.018832,15500000000,15508808520,15508808520,15516827352,0,0,0.000000,,
54,flood,Query streetlight records from Eastshore Quarter Industrial Zone,2,sl_000003;sl_000007;sl_000031;sl_000039;sl_000055;sl_000111;sl_000131;sl_000159;sl_000171;sl_000239;sl_000315;sl_000431;sl_000483;sl_000511;sl_000539;sl_000571,,,,0,0,0.000000,17000.000000,0.000000,0.000000,0.000000,8.825024,-1,-1,-1,4,0,2412,524,0,0,0,0,1,0,0,ALL_DOMAINS_FAILED,link-fail,coreA-domain4,redundant,0.000000,0.000000,17000000000,0,0,0,0,0,0.000000,,
286,flood,Locate parking having allowedVehicleType electricVehicle close to Old Town Core Harbor Bridge,6,p_000048;p_000114;p_000126;p_000156;p_000162;p_000180;p_000216;p_000330;p_000480;p_000486;p_000504;p_000534;p_000540;p_000564,/domain6,/domain6/data/doc/p_000504,/domain6=0.7871;/domain7=0.6938;/domain0=0.6803;/domain1=0.6187,1,1,0.680337,17500.000000,17508.224544,17508.224544,17516.781280,16.781280,-1,2,-1,4,1,2412,672,40,1109,0,0,1,1,0,,link-fail,coreA-domain4,redundant,8.224544,8.556736,17500000000,17508224544,17508224544,17516781280,0,0,0.000000,,
411,flood,Combined parking and pollution readings near Old Town Core Cultural Center,6,p_000003;p_000005;p_000023;p_000029;p_000032;p_000035;p_000043;p_000048;p_000051;p_000053;p_000070;p_000074;p_000087;p_000091;p_000114;p_000126;p_000140;p_000142;p_000149;p_000154;p_000156;p_000159;p_000162;p_000163;p_000172;p_000178;p_000180;p_000184;p_000216;p_000217;p_000223;p_000231;p_000269;p_000278;p_000281;p_000290;p_000295;p_000296;p_000301;p_000304;p_000310;p_000319;p_000330;p_000347;p_000351;p_000356;p_000357;p_000361;p_000388;p_000395;p_000409;p_000413;p_000416;p_000418;p_000428;p_000436;p_000441;p_000445;p_000463;p_000480;p_000481;p_000486;p_000488;p_000496;p_000501;p_000504;p_000509;p_000512;p_000524;p_000531;p_000532;p_000534;p_000540;p_000550;p_000556;p_000557;p_000564;p_000584;p_000585;p_000598;pol_000007;pol_000017;pol_000019;pol_000023;pol_000032;pol_000034;pol_000037;pol_000047;pol_000055;pol_000081;pol_000094;pol_000129;pol_000137;pol_000145;pol_000171;pol_000183;pol_000201;pol_000232;pol_000237;pol_000244;pol_000247;pol_000248;pol_000254;pol_000275;pol_000277;pol_000289;pol_000292;pol_000299;pol_000310;pol_000328;pol_000330;pol_000346;pol_000357;pol_000358;pol_000366;pol_000368;pol_000371;pol_000375;pol_000377;pol_000382;pol_000388;pol_000401;pol_000416;pol_000417;pol_000421;pol_000445;pol_000459;pol_000463;pol_000464;pol_000487;pol_000495;pol_000503;pol_000514;pol_000535;pol_000545;pol_000553;pol_000554;pol_000557;pol_000571;pol_000573;pol_000578;pol_000582;pol_000588;pol_000595,/domain6,/domain6/data/doc/pol_000055,/domain6=0.7612;/domain3=0.6063,1,1,0.761249,13500.000000,17510.000000,17510.000000,17518.018800,4018.018800,-1,2,-1,4,1,2412,471,42,1111,1,0,1,1,0,,link-fail,coreA-domain4,redundant,4010.000000,8.018800,13500000000,17510000000,17510000000,17518018800,0,0,0.000000,,
270,flood,Find streetlight with powerState off and lanternModel HPS near South Hills Town Square,3,sl_000006;sl_000018;sl_000046;sl_000050;sl_000222;sl_000238;sl_000366;sl_000382;sl_000442;sl_000470;sl_000562;sl_000566;sl_000574,/domain6,/domain6/data/doc/sl_000092,/domain6=0.7330;/domain7=0.7029;/domain1=0.6998;/domain0=0.6977,0,0,0.699802,18000.000000,18008.525488,18008.525488,18016.544256,16.544256,-1,2,-1,4,1,2412,676,41,1110,0,0,1,1,0,DOMAIN_WRONG,link-fail,coreA-domain4,redundant,8.525488,8.018768,18000000000,18008525488,18008525488,18016544256,0,0,0.000000,,
218,flood,"Show parking where category is surface, allowedVehicleType is car in Lakeside District Downtown",5,p_000059;p_000071;p_000143;p_000215;p_000275;p_000305;p_000311;p_000335;p_000407;p_000449;p_000455;p_000533;p_000569,/domain5,/domain5/data/doc/p_000275,/domain5=0.8351;/domain2=0.6537;/domain3=0.6401,1,1,0.835086,14000.000000,18010.000000,18010.000000,18018.018736,4018.018736,-1,2,-1,4,1,2412,504,40,1109,1,0,1,1,0,,link-fail,coreA-domain4,redundant,4010.000000,8.018736,14000000000,18010000000,18010000000,18018018736,0,0,0.000000,,
85,flood,Show parking status for the Midtown Center Uptown zone,4,p_000017;p_000233;p_000431;p_000503;p_000587,/domain7,/domain7/data/doc/p_000049,/domain7=0.7277;/domain6=0.7104;/domain0=0.6755,0,0,0.675539,19000.000000,19008.991472,19008.991472,19017.010208,17.010208,-1,2,-1,4,1,2412,635,40,1109,0,0,1,1,0,DOMAIN_WRONG,link-fail,coreA-domain4,redundant,8.991472,8.018736,19000000000,19008991472,19008991472,19017010208,0,0,0.000000,,
305,flood,Find pollution with source_type naturalBackground around Midtown Center Main Station,4,pol_000084;pol_000112;pol_000120;pol_000216;pol_000252;pol_000256;pol_000352;pol_000396;pol_000424;pol_000432;pol_000440;pol_000504;pol_000560,/domain2,/domain2/data/doc/pol_000092,/domain2=0.6369;/domain1=0.6117;/domain3=0.6107,0,0,0.610681,15000.000000,19010.000000,19010.000000,19018.339800,4018.339800,-1,2,-1,4,1,2412,510,42,1111,1,0,1,1,0,DOMAIN_WRONG,link-fail,coreA-domain4,redundant,4010.000000,8.339800,15000000000,19010000000,19010000000,19018339800,0,0,0.000000,,
96,flood,Search for traffic devices in Westside Heights Commercial Strip,1,traf_000176;traf_000470;traf_000476,/domain1,/domain1/data/doc/traf_000121,/domain1=0.7628;/domain0=0.6989;/domain2=0.6504;/domain3=0.6405,0,1,0.762810,19500.000000,19508.626176,19508.626176,19516.645008,16.645008,-1,2,-1,4,1,2412,681,43,1112,0,0,1,1,0,DOC_WRONG,link-fail,coreA-domain4,redundant,8.626176,8.018832,19500000000,19508626176,19508626176,19516645008,0,0,0.000000,,
208,flood,"Show parking where category is offStreet, occupancyStatus is almostFull in Old Town Core Commercial Strip",6,p_000032;p_000074;p_000140;p_000278;p_000290;p_000296;p_000356;p_000416;p_000428;p_000488;p_000512;p_000524;p_000584,/domain2,/domain2/data/doc/p_000320,/domain2=0.7429;/domain1=0.6986;/domain3=0.6910;/domain0=0.6457,0,0,0.691025,20000.000000,20008.939472,20008.939472,20017.399208,17.399208,-1,2,-1,4,1,2412,672,40,1109,0,0,1,1,0,DOMAIN_WRONG,link-fail,coreA-domain4,redundant,8.939472,8.459736,20000000000,20008939472,20008939472,20017399208,0,0,0.000000,,
490,flood,List parking availability in Mars Colony Alpha during a blackout (case 65),,,/domain3,/domain3/data/doc/p_900015,/domain3=0.7202;/domain2=0.6436;/domain5=0.6235,0,0,0.643609,16000.000000,20010.000000,20010.000000,20018.512736,4018.512736,-1,2,-1,4,1,2412,504,40,1109,1,0,0,1,0,DOMAIN_WRONG,link-fail,coreA-domain4,redundant,4010.000000,8.512736,16000000000,20010000000,20010000000,20018512736,0,0,0.000000,,
227,flood,Give me pollution where airQualityLevel equals unhealthy and source_type equals traffic,1,pol_000018;pol_000078;pol_000478,/domain3,/domain3/data/doc/pol_000338,/domain3=0.6024,0,0,0.602447,20500.000000,20508.381720,20508.381720,20516.400520,16.400520,-1,2,-1,4,1,2412,563,42,1111,0,0,1,1,0,DOMAIN_WRONG,link-fail,coreA-domain4,redundant,8.381720,8.018800,20500000000,20508381720,20508381720,20516400520,0,0,0.000000,,
345,flood,Report on parking with facilityType metered in Old Town Core,6,p_000428;p_000436;p_000496,/domain3,/domain3/data/doc/p_000424,/domain3=0.6072;/domain1=0.6037,0,0,0.607212,16500.000000,20510.000000,20510.000000,20518.641736,4018.641736,-1,2,-1,4,1,2412,467,40,1109,1,0,1,1,0,DOMAIN_WRONG,link-fail,coreA-domain4,redundant,4010.000000,8.641736,16500000000,20510000000,20510000000,20518641736,0,0,0.000000,,
311,flood,Show streetlight where status defectiveLamp in South Hills Transit Hub,3,sl_000006;sl_000018;sl_000046;sl_000050;sl_000222;sl_000238;sl_000366;sl_000382;sl_000442;sl_000470;sl_000562;sl_000566;sl_000574,/domain7,/domain7/data/doc/sl_000550,/domain7=0.7752;/domain0=0.7171;/domain1=0.7015;/domain2=0.6978,0,0,0.717116,21000.000000,21008.912632,21008.912632,21017.837400,17.837400,-1,2,-1,4,1,2412,676,41,1110,0,0,1,1,0,DOMAIN_WRONG,link-fail,coreA-domain4,redundant,8.912632,8.924768,21000000000,21008912632,21008912632,21017837400,0,0,0.000000,,
231,flood,Locate parking with occupancyStatus set to available near South Hills Convention Center in South Hills Uptown,3,p_000309;p_000333;p_000345;p_000369;p_000453,/domain7,/domain7/data/doc/p_000197,/domain7=0.7277;/domain1=0.7121;/domain2=0.6680;/domain0=0.6594,0,0,0.712134,21500.000000,21508.726544,21508.726544,21516.745280,16.745280,-1,2,-1,4,1,2412,672,40,1109,0,0,1,1,0,DOMAIN_WRONG,link-fail,coreA-domain4,redundant,8.726544,8.018736,21500000000,21508726544,21508726544,21516745280,0,0,0.000000,,
488,flood,Show Pollution sensors orbiting Saturn's rings at dusk (case 63),,,,,,0,0,0.000000,22000.000000,0.000000,0.000000,0.000000,8.175952,-1,-1,-1,4,0,2412,524,0,0,0,0,0,0,0,ALL_DOMAINS_FAILED,link-fail,coreA-domain4,redundant,0.000000,0.000000,22000000000,0,0,0,0,0,0.000000,,
7,flood,Give me parking information near North Harbor Main Station,0,p_000009;p_000025;p_000033;p_000085;p_000105;p_000113;p_000129;p_000161;p_000165;p_000193;p_000237;p_000261;p_000329;p_000349;p_000429;p_000437;p_000461,/domain0,/domain0/data/doc/p_000420,/domain0=0.7914;/domain2=0.7082;/domain7=0.6616;/domain1=0.6419,0,1,0.791370,22500.000000,22508.827616,22508.827616,22517.459352,17.459352,-1,2,-1,4,1,2412,672,40,1109,0,0,1,1,0,DOC_WRONG,link-fail,coreA-domain4,redundant,8.827616,8.631736,22500000000,22508827616,22508827616,22517459352,0,0,0.000000,,
380,flood,Combined pollution and streetlight readings near Old Town Core Sports Arena,6,pol_000007;pol_000017;pol_000019;pol_000023;pol_000032;pol_000034;pol_000037;pol_000047;pol_000055;pol_000081;pol_000094;pol_000129;pol_000137;pol_000145;pol_000171;pol_000183;pol_000201;pol_000232;pol_000237;pol_000244;pol_000247;pol_000248;pol_000254;pol_000275;pol_000277;pol_000289;pol_000292;pol_000299;pol_000310;pol_000328;pol_000330;pol_000346;pol_000357;pol_000358;pol_000366;pol_000368;pol_000371;pol_000375;pol_000377;pol_000382;pol_000388;pol_000401;pol_000416;pol_000417;pol_000421;pol_000445;pol_000459;pol_000463;pol_000464;pol_000487;pol_000495;pol_000503;pol_000514;pol_000535;pol_000545;pol_000553;pol_000554;pol_000557;pol_000571;pol_000573;pol_000578;pol_000582;pol_000588;pol_000595;sl_000001;sl_000002;sl_000016;sl_000025;sl_000026;sl_000037;sl_000043;sl_000053;sl_000060;sl_000068;sl_000077;sl_000081;sl_000082;sl_000084;sl_000092;sl_000094;sl_000095;sl_000104;sl_000110;sl_000118;sl_000123;sl_000124;sl_000130;sl_000134;sl_000136;sl_000141;sl_000143;sl_000150;sl_000152;sl_000157;sl_000164;sl_000166;sl_000170;sl_000187;sl_000194;sl_000199;sl_000205;sl_000216;sl_000217;sl_000235;sl_000236;sl_000244;sl_000245;sl_000254;sl_000258;sl_000271;sl_000273;sl_000277;sl_000282;sl_000286;sl_000295;sl_000316;sl_000330;sl_000344;sl_000361;sl_000372;sl_000373;sl_000405;sl_000421;sl_000428;sl_000435;sl_000437;sl_000444;sl_000450;sl_000454;sl_000455;sl_000460;sl_000468;sl_000474;sl_000475;sl_000477;sl_000478;sl_000486;sl_000503;sl_000518;sl_000529;sl_000536;sl_000537;sl_000540;sl_000541;sl_000557;sl_000580;sl_000587;sl_000589,/domain6,/domain6/data/doc/pol_000055,/domain6=0.6526,1,1,0.652557,18500.000000,22510.000000,22510.000000,22518.365800,4018.365800,-1,2,-1,4,1,2412,432,42,1111,1,0,1,1,0,,link-fail,coreA-domain4,redundant,4010.000000,8.365800,18500000000,22510000000,22510000000,22518365800,0,0,0.000000,,
31,flood,Query pollution records from North Harbor Civic Center,0,pol_000126;pol_000290,/domain0,/domain0/data/doc/pol_000209,/domain0=0.7089;/domain1=0.6307;/domain7=0.6156,0,1,0.630695,23000.000000,23008.690576,23008.690576,23016.709376,16.709376,-1,2,-1,4,1,2412,641,42,1111,0,0,1,1,0,DOC_WRONG,link-fail,coreA-domain4,redundant,8.690576,8.018800,23000000000,23008690576,23008690576,23016709376,0,0,0.000000,,
38,flood,List parking data around North Harbor Clock Tower,0,p_000004;p_000034;p_000148;p_000196;p_000208;p_000220;p_000370;p_000592,/domain0,/domain0/data/doc/p_000204,/domain0=0.7125;/domain6=0.6171,0,1,0.712485,23500.000000,23508.337024,23508.337024,23516.525760,16.525760,-1,2,-1,4,1,2412,598,40,1109,0,0,1,1,0,DOC_WRONG,link-fail,coreA-domain4,redundant,8.337024,8.188736,23500000000,23508337024,23508337024,23516525760,0,0,0.000000,,
410,flood,Search for traffic alongside parking around Lakeside District Waterfront Promenade,5,traf_000089;traf_000092;traf_000097;traf_000106;traf_000112;traf_000122;traf_000124;traf_000126;traf_000127;traf_000140;traf_000158;traf_000162;traf_000173;traf_000177;traf_000187;traf_000191;traf_000192;traf_000193;traf_000195;traf_000202;traf_000208;traf_000217;traf_000218;traf_000219;traf_000225;traf_000231;traf_000233;traf_000243;traf_000244;traf_000245;traf_000252;traf_000253;traf_000260;traf_000265;traf_000269;traf_000271;traf_000273;traf_000275;traf_000282;traf_000285;traf_000287;traf_000293;traf_000304;traf_000310;traf_000311;traf_000321;traf_000322;traf_000324;traf_000333;traf_000334;traf_000335;traf_000352;traf_000360;traf_000374;traf_000376;traf_000379;traf_000383;traf_000388;traf_000390;traf_000391;traf_000399;traf_000403;traf_000409;traf_000413;traf_000414;traf_000415;traf_000422;traf_000424;traf_000431;traf_000432;traf_000435;traf_000436;traf_000442;traf_000444;traf_000446;traf_000448;traf_000459;traf_000461;traf_000467;traf_000468;traf_000472;traf_000478;traf_000479;traf_000484;traf_000487;traf_000503;traf_000505;traf_000509;traf_000511;traf_000525;traf_000526;traf_000536;traf_000557;traf_000560;traf_000563;traf_000564;traf_000570;traf_000574;traf_000575;traf_000577;traf_000578;traf_000581;traf_000585;traf_000587;traf_000594;traf_000600;p_000054;p_000055;p_000057;p_000059;p_000067;p_000071;p_000075;p_000076;p_000080;p_000081;p_000084;p_000090;p_000093;p_000098;p_000103;p_000106;p_000128;p_000135;p_000141;p_000143;p_000153;p_000164;p_000166;p_000169;p_000190;p_000195;p_000199;p_000202;p_000207;p_000210;p_000215;p_000235;p_000240;p_000243;p_000248;p_000256;p_000260;p_000267;p_000268;p_000273;p_000274;p_000275;p_000282;p_000289;p_000294;p_000300;p_000305;p_000308;p_000311;p_000332;p_000334;p_000335;p_000337;p_000340;p_000346;p_000354;p_000363;p_000366;p_000374;p_000382;p_000385;p_000391;p_000397;p_000403;p_000405;p_000406;p_000407;p_000414;p_000423;p_000426;p_000433;p_000438;p_000439;p_000444;p_000448;p_000449;p_000455;p_000458;p_000460;p_000466;p_000469;p_000476;p_000489;p_000513;p_000519;p_000526;p_000533;p_000535;p_000543;p_000552;p_000565;p_000569;p_000574;p_000578;p_000580;p_000582;p_000589;p_000597,/domain5,/domain5/data/doc/p_000565,/domain5=0.7948;/domain2=0.6663;/domain3=0.6074,1,1,0.794791,24000.000000,24008.027472,24008.027472,24016.982208,16.982208,-1,2,-1,4,1,2412,635,40,1109,0,0,1,1,0,,link-fail,coreA-domain4,redundant,8.027472,8.954736,24000000000,24008027472,24008027472,24016982208,0,0,0.000000,,
0,flood,Search for pollution devices in Westside Heights Transit Hub,1,pol_000279;pol_000303;pol_000585,/domain1,/domain1/data/doc/pol_000142,/domain1=0.8394;/domain2=0.7272;/domain0=0.7234;/domain3=0.6829,0,1,0.727196,24500.000000,24508.717576,24508.717576,24516.736376,16.736376,-1,2,-1,4,1,2412,680,42,1111,0,0,1,1,0,DOC_WRONG,link-fail,coreA-domain4,redundant,8.717576,8.018800,24500000000,24508717576,24508717576,24516736376,0,0,0.000000,,
292,flood,Which traffic have roadType collector in Eastshore Quarter Downtown?,2,traf_000016;traf_000034;traf_000040;traf_000046;traf_000052;traf_000166;traf_000226;traf_000298,/domain4,/domain4/data/doc/traf_000044,/domain4=0.6943;/domain7=0.6938;/domain6=0.6760;/domain5=0.6537,0,0,0.694322,25000.000000,25008.968736,25008.968736,25016.987568,16.987568,-1,2,-1,4,1,2412,684,43,1112,0,0,1,1,0,DOMAIN_WRONG,link-fail,coreA-domain4,redundant,8.968736,8.018832,25000000000,25008968736,25008968736,25016987568,0,0,0.000000,,
369,flood,List traffic that satisfy vehicleType bus within Greenfield Park Residential Block,7,traf_000302;traf_000307;traf_000517,/domain2,/domain2/data/doc/traf_000033,/domain2=0.6713;/domain1=0.6387;/domain3=0.6209,0,0,0.671292,25500.000000,25508.874880,25508.874880,25516.893712,16.893712,-1,2,-1,4,1,2412,644,43,1112,0,0,1,1,0,DOMAIN_WRONG,link-fail,coreA-domain4,redundant,8.874880,8.018832,25500000000,25508874880,25508874880,25516893712,0,0,0.000000,,
181,flood,"Query pollution: pollutantType SO2, monitoringStation mobile, in Westside Heights",1,pol_000018;pol_000072;pol_000078;pol_000090;pol_000186;pol_000228;pol_000300;pol_000312;pol_000354;pol_000420;pol_000450;pol_000462;pol_000474;pol_000570,/domain5,/domain5/data/doc/pol_000231,/domain5=0.6662;/domain0=0.6392;/domain6=0.6339;/domain7=0.6148,0,0,0.666182,26000.000000,26008.998720,26008.998720,26017.610520,17.610520,-1,2,-1,4,1,2412,680,42,1111,0,0,1,1,0,DOMAIN_WRONG,link-fail,coreA-domain4,redundant,8.998720,8.611800,26000000000,26008998720,26008998720,26017610520,0,0,0.000000,,
358,flood,Query parking meeting occupancyStatus full across Greenfield Park,7,p_000146;p_000158;p_000206;p_000478,/domain7,/domain7/data/doc/p_000314,/domain7=0.7774;/domain6=0.6782;/domain1=0.6619,0,1,0.661904,26500.000000,26508.027472,26508.027472,26516.622208,16.622208,-1,2,-1,4,1,2412,635,40,1109,0,0,1,1,0,DOC_WRONG,link-fail,coreA-domain4,redundant,8.027472,8.594736,26500000000,26508027472,26508027472,26516622208,0,0,0.000000,,
187,flood,Give me traffic where vehicleType equals bicycle and laneDirection equals outbound,2,traf_000005;traf_000035;traf_000365;traf_000530,,,,0,0,0.000000,27000.000000,0.000000,0.000000,0.000000,8.366024,-1,-1,-1,4,0,2412,524,0,0,0,0,1,0,0,ALL_DOMAINS_FAILED,link-fail,coreA-domain4,redundant,0.000000,0.000000,27000000000,0,0,0,0,0,0.000000,,
74,flood,What pollution readings are reported in Lakeside District?,5,pol_000337;pol_000442,/domain5,/domain5/data/doc/pol_000442,/domain5=0.8012,1,1,0.801188,27500.000000,27508.910096,27508.910096,27517.044896,17.044896,-1,2,-1,4,1,2412,563,42,1111,0,0,1,1,0,,link-fail,coreA-domain4,redundant,8.910096,8.134800,27500000000,27508910096,27508910096,27517044896,0,0,0.000000,,
383,flood,Find parking and streetlight sensors in Greenfield Park,7,p_000041;p_000044;p_000049;p_000056;p_000060;p_000069;p_000079;p_000099;p_000100;p_000110;p_000112;p_000116;p_000118;p_000121;p_000133;p_000134;p_000137;p_000139;p_000146;p_000152;p_000157;p_000158;p_000160;p_000167;p_000171;p_000173;p_000177;p_000179;p_000182;p_000187;p_000189;p_000192;p_000197;p_000206;p_000214;p_000219;p_000227;p_000229;p_000234;p_000241;p_000250;p_000253;p_000259;p_000264;p_000265;p_000284;p_000292;p_000297;p_000307;p_000313;p_000314;p_000315;p_000323;p_000327;p_000343;p_000362;p_000365;p_000371;p_000372;p_000379;p_000381;p_000384;p_000393;p_000396;p_000400;p_000401;p_000410;p_000412;p_000421;p_000430;p_000442;p_000446;p_000447;p_000471;p_000474;p_000475;p_000477;p_000478;p_000479;p_000483;p_000487;p_000490;p_000495;p_000498;p_000502;p_000505;p_000514;p_000520;p_000523;p_000529;p_000530;p_000539;p_000545;p_000547;p_000558;p_000563;p_000568;p_000576;p_000594;sl_000023;sl_000030;sl_000042;sl_000054;sl_000057;sl_000069;sl_000070;sl_000072;sl_000074;sl_000079;sl_000080;sl_000093;sl_000102;sl_000116;sl_000122;sl_000125;sl_000145;sl_000148;sl_000149;sl_000153;sl_000154;sl_000155;sl_000161;sl_000162;sl_000178;sl_000179;sl_000180;sl_000195;sl_000211;sl_000218;sl_000233;sl_000242;sl_000272;sl_000284;sl_000285;sl_000290;sl_000296;sl_000299;sl_000302;sl_000307;sl_000309;sl_000310;sl_000313;sl_000319;sl_000324;sl_000325;sl_000331;sl_000332;sl_000335;sl_000337;sl_000338;sl_000339;sl_000340;sl_000347;sl_000352;sl_000357;sl_000364;sl_000371;sl_000377;sl_000383;sl_000384;sl_000385;sl_000399;sl_000401;sl_000410;sl_000413;sl_000414;sl_000417;sl_000419;sl_000420;sl_000422;sl_000439;sl_000445;sl_000447;sl_000458;sl_000459;sl_000472;sl_000480;sl_000485;sl_000487;sl_000493;sl_000494;sl_000505;sl_000508;sl_000513;sl_000515;sl_000516;sl_000520;sl_000524;sl_000532;sl_000550;sl_000559;sl_000563;sl_000570;sl_000586;sl_000588;sl_000597,/domain7,/domain7/data/doc/traf_000207,/domain7=0.7592;/domain1=0.6110;/domain0=0.6073;/domain2=0.6072,0,1,0.607311,28000.000000,28008.763632,28008.763632,28016.782464,16.782464,-1,2,-1,4,1,2412,680,43,1112,0,0,1,1,0,DOC_WRONG,link-fail,coreA-domain4,redundant,8.763632,8.018832,28000000000,28008763632,28008763632,28016782464,0,0,0.000000,,
222,flood,traffic with roadType=collector and congestionLevel=heavy close to North Harbor Central Plaza,0,traf_000064;traf_000214;traf_000364;traf_000454,/domain0,/domain0/data/doc/traf_000538,/domain0=0.7515;/domain1=0.7300;/domain7=0.6627;/domain6=0.6565,0,1,0.662671,28500.000000,28508.193664,28508.193664,28517.090496,17.090496,-1,2,-1,4,1,2412,684,43,1112,0,0,1,1,0,DOC_WRONG,link-fail,coreA-domain4,redundant,8.193664,8.896832,28500000000,28508193664,28508193664,28517090496,0,0,0.000000,,
330,flood,Search for streetlight matching locationCategory sidewalk near Lakeside District City Library,5,sl_000191;sl_000215;sl_000255;sl_000279;sl_000287;sl_000311;sl_000375;sl_000391;sl_000415;sl_000423;sl_000495;sl_000551,/domain5,/domain5/data/doc/sl_000449,/domain5=0.7630,0,1,0.763049,29000.000000,29008.469488,29008.469488,29016.488256,16.488256,-1,2,-1,4,1,2412,562,41,1110,0,0,1,1,0,DOC_WRONG,link-fail,coreA-domain4,redundant,8.469488,8.018768,29000000000,29008469488,29008469488,29016488256,0,0,0.000000,,
445,flood,Find parking availability in Mars Colony Alpha in winter (case 20),,,/domain5,/domain5/data/doc/p_900178,/domain5=0.6887;/domain0=0.6777;/domain7=0.6507;/domain6=0.6239,0,0,0.677748,29500.000000,29508.700472,29508.700472,29516.719208,16.719208,-1,2,-1,4,1,2412,672,40,1109,0,0,0,1,0,DOMAIN_WRONG,link-fail,coreA-domain4,redundant,8.700472,8.018736,29500000000,29508700472,29508700472,29516719208,0,0,0.000000,,
147,flood,Locate parking with facilityType set to gated near Lakeside District University Campus in Lakeside District Residential Block,5,p_000075;p_000143,/domain5,/domain5/data/doc/p_000433,/domain5=0.8622;/domain6=0.6346;/domain4=0.6153,0,1,0.634636,30000.000000,30008.577472,30008.577472,30016.596208,16.596208,-1,2,-1,4,1,2412,635,40,1109,0,0,1,1,0,DOC_WRONG,link-fail,coreA-domain4,redundant,8.577472,8.018736,30000000000,30008577472,30008577472,30016596208,0,0,0.000000,,
375,flood,Search for streetlight alongside pollution around Westside Heights Clock Tower,1,sl_000062;sl_000065;sl_000071;sl_000088;sl_000100;sl_000101;sl_000103;sl_000108;sl_000109;sl_000114;sl_000119;sl_000127;sl_000128;sl_000132;sl_000147;sl_000151;sl_000163;sl_000167;sl_000169;sl_000176;sl_000184;sl_000192;sl_000193;sl_000198;sl_000201;sl_000204;sl_000206;sl_000209;sl_000212;sl_000213;sl_000223;sl_000230;sl_000231;sl_000234;sl_000240;sl_000241;sl_000243;sl_000247;sl_000248;sl_000256;sl_000257;sl_000263;sl_000266;sl_000267;sl_000269;sl_000274;sl_000293;sl_000297;sl_000308;sl_000321;sl_000333;sl_000334;sl_000336;sl_000342;sl_000346;sl_000348;sl_000350;sl_000353;sl_000354;sl_000358;sl_000363;sl_000367;sl_000370;sl_000379;sl_000404;sl_000429;sl_000433;sl_000438;sl_000440;sl_000457;sl_000461;sl_000464;sl_000479;sl_000484;sl_000489;sl_000491;sl_000492;sl_000498;sl_000501;sl_000519;sl_000521;sl_000526;sl_000530;sl_000535;sl_000542;sl_000543;sl_000544;sl_000545;sl_000546;sl_000548;sl_000549;sl_000554;sl_000560;sl_000567;sl_000577;sl_000583;sl_000595;sl_000600;pol_000003;pol_000004;pol_000010;pol_000013;pol_000014;pol_000018;pol_000022;pol_000050;pol_000064;pol_000068;pol_000069;pol_000072;pol_000076;pol_000078;pol_000087;pol_000089;pol_000090;pol_000095;pol_000109;pol_000119;pol_000122;pol_000124;pol_000131;pol_000141;pol_000142;pol_000151;pol_000155;pol_000165;pol_000166;pol_000173;pol_000176;pol_000179;pol_000184;pol_000186;pol_000190;pol_000191;pol_000195;pol_000208;pol_000212;pol_000215;pol_000219;pol_000220;pol_000223;pol_000228;pol_000236;pol_000241;pol_000250;pol_000262;pol_000268;pol_000279;pol_000281;pol_000300;pol_000303;pol_000305;pol_000312;pol_000319;pol_000321;pol_000327;pol_000329;pol_000335;pol_000343;pol_000344;pol_000350;pol_000354;pol_000363;pol_000373;pol_000376;pol_000380;pol_000410;pol_000420;pol_000428;pol_000430;pol_000437;pol_000450;pol_000454;pol_000462;pol_000465;pol_000474;pol_000477;pol_000478;pol_000482;pol_000489;pol_000490;pol_000511;pol_000520;pol_000523;pol_000524;pol_000533;pol_000539;pol_000543;pol_000556;pol_000563;pol_000565;pol_000570;pol_000572;pol_000584;pol_000585;pol_000587;pol_000593,/domain1,/domain1/data/doc/sl_000354,/domain1=0.7603;/domain2=0.7353;/domain7=0.7036;/domain0=0.6728,1,1,0.672791,30500.000000,30508.170632,30508.170632,30516.856400,16.856400,-1,2,-1,4,1,2412,676,41,1110,0,0,1,1,0,,link-fail,coreA-domain4,redundant,8.170632,8.685768,30500000000,30508170632,30508170632,30516856400,0,0,0.000000,,
33,flood,List traffic data around Midtown Center Lighthouse,4,traf_000044;traf_000049;traf_000054;traf_000079;traf_000129;traf_000239;traf_000289;traf_000369;traf_000389,/domain4,/domain4/data/doc/traf_000012,/domain4=0.7185;/domain1=0.6070,0,1,0.606982,31000.000000,31008.803024,31008.803024,31016.821856,16.821856,-1,2,-1,4,1,2412,604,43,1112,0,0,1,1,0,DOC_WRONG,link-fail,coreA-domain4,redundant,8.803024,8.018832,31000000000,31008803024,31008803024,31016821856,0,0,0.000000,,
303,flood,Report on streetlight with lanternModel HPS in Westside Heights,1,sl_000498;sl_000542,/domain7,/domain7/data/doc/sl_000550,/domain7=0.7232;/domain1=0.7136;/domain2=0.6544;/domain0=0.6400,0,0,0.723174,31500.000000,31508.908704,31508.908704,31516.927472,16.927472,-1,2,-1,4,1,2412,676,41,1110,0,0,1,1,0,DOMAIN_WRONG,link-fail,coreA-domain4,redundant,8.908704,8.018768,31500000000,31508908704,31508908704,31516927472,0,0,0.000000,,
